{"crypto": 1707902258.5091953, "tech": 1707902262.94824, "finance": 1707902264.0012145, "blockchain": 1707902265.0517757}