{"crypto": 1707988859.9481907, "tech": 1707988868.0852647, "blockchain": 1707988869.5563965, "wemade": 1707988870.7241378, "stock": 1707988871.6920576}