{"crypto": 1708335251.559117, "tech": 1708335252.3108873, "blockchain": 1708335253.2035153, "wemade": 1708335254.3674726, "stock": 1708335255.2845309}