{"google": 1713947734.6920357, "etf": 1713947212.543757}