{"crypto": 1717403649.8936183, "tech": 1717403650.5282636, "blockchain": 1717403651.1752868, "wemade": 1717403651.9163778, "stock": 1717403652.567134, "delta": 1717403653.2270176, "coupang": 1717403653.8944705, "google": 1717403654.6586967, "india": 1717403655.3716462, "vietnam": 1717403656.0655885, "sui": 1717403656.916971, "etf": 1717403657.7366157, "wemix": 1717403658.4496517}