{"crypto": 1716886753.3278437, "tech": 1716886754.0369709, "blockchain": 1716886754.697706, "wemade": 1716886755.3518028, "stock": 1716886755.9996395, "delta": 1716886756.6480536, "coupang": 1716886757.3480203, "google": 1716886758.026273, "india": 1716886758.749763, "vietnam": 1716886759.439498, "sui": 1716886760.140591, "etf": 1716886760.9276936, "wemix": 1716886761.6173627}