{"wemade": 1717401456.3399887, "stock": 1717401457.0109367, "india": 1717401460.3223214, "wemix": 1717401463.490484}