{"crypto": 1715616663.1997566, "tech": 1715616663.9998798, "blockchain": 1715616664.8746183, "wemade": 1715616665.6871142, "stock": 1715616666.4497814, "delta": 1715616667.2227492, "coupang": 1715616667.9804125, "google": 1715616668.8131394, "india": 1715616669.5700064, "vietnam": 1715616670.3106227, "sui": 1715616671.1275997, "etf": 1715616672.194227, "wemix": 1715616673.1900084}