{"s&p500": 1710395070.3766358, "crypto": 1710395466.9989486, "tech": 1710395527.873862, "blockchain": 1710395588.725052}