{"crypto": 1715328176.7323785, "tech": 1715328177.3694375, "blockchain": 1715328178.0494165, "wemade": 1715328178.7532642, "stock": 1715328179.3969245, "delta": 1715328180.0847452, "coupang": 1715328180.7658138, "google": 1715328181.4141815, "india": 1715328182.145678, "vietnam": 1715328183.123, "sui": 1715328184.1268103, "etf": 1715328185.0429828, "wemix": 1715328185.6979277}