{"crypto": 1714728620.5338993, "tech": 1714728621.2600996, "blockchain": 1714728622.7238758, "wemade": 1714728623.3919444, "stock": 1714728624.0382228, "delta": 1714728625.4668415, "coupang": 1714728627.297678, "google": 1714728628.1778188, "india": 1714728628.988335, "vietnam": 1714728629.7114046, "sui": 1714728630.356858, "etf": 1714728631.0173147, "wemix": 1714728631.681163}