{"tech": 1717392742.8000917, "wemade": 1717392921.5142584, "google": 1717392924.8471613, "etf": 1717392928.5101926}