{"wemade": 1717393708.4218051, "google": 1717393711.4170136, "etf": 1717393714.709105}