{"crypto": 1708680443.7760048, "tech": 1708680444.4409177, "blockchain": 1708680445.1148176, "wemade": 1708680445.8369467, "stock": 1708680446.6552026}