{"crypto": 1717404629.5528736, "tech": 1717404630.1861956, "blockchain": 1717404630.8367102, "wemade": 1717404631.4602594, "stock": 1717404632.1301765, "delta": 1717404632.7867508, "coupang": 1717404633.5103838, "google": 1717404634.198205, "india": 1717404634.8483703, "vietnam": 1717404635.4873533, "sui": 1717404636.12087, "etf": 1717404636.7692802, "wemix": 1717404637.4489183}