{"crypto": 1714037342.918872, "tech": 1714037343.8328292, "blockchain": 1714037344.6276255, "wemade": 1714037345.319549, "stock": 1714037346.0527472, "delta": 1714037346.7870634, "coupang": 1714037347.5581012, "google": 1714037348.4638174, "india": 1714037349.361242, "vietnam": 1714037350.0416205, "sui": 1714037350.8257818, "etf": 1714037351.5538526, "wemix": 1714037352.4556518}