{"crypto": 1713772255.348208, "tech": 1713772256.1843786, "blockchain": 1713772257.2391417, "wemade": 1713772258.1596584, "stock": 1713772259.0753455, "delta": 1713772260.00229, "coupang": 1713772260.8126042, "google": 1713772261.5682025, "india": 1713772262.3258002, "vietnam": 1713772263.0786264, "sui": 1713772264.0258224, "etf": 1713772265.0884056, "wemix": 1713772265.8467612}