{"crypto": 1717405454.583829, "tech": 1717405455.2604027, "blockchain": 1717405455.8939497, "wemade": 1717405456.6498737, "stock": 1717405457.3935418, "delta": 1717405458.0361643, "coupang": 1717405458.7167652, "google": 1717405459.4504163, "india": 1717405460.1178784, "vietnam": 1717405460.8267212, "sui": 1717405461.492072, "etf": 1717405462.1987827, "wemix": 1717405462.835941}