{"crypto": 1710392394.4133694, "tech": 1710392395.5063238, "blockchain": 1710392396.231865, "wemade": 1710392397.4268086, "stock": 1710392398.4008577, "delta": 1710392399.2672164, "coupang": 1710392400.0985336, "google": 1710392401.3202813, "indiaetf": 1710392402.1475294, "vietnametf": 1710392402.863915}