{"crypto": 1713515811.968606, "tech": 1713515812.88866, "blockchain": 1713515813.8016214, "wemade": 1713515814.545998, "stock": 1713515815.4828644, "delta": 1713515816.2485595, "coupang": 1713515817.1046443, "google": 1713515818.0266888, "indiaetf": 1710396420.2326155, "vietnametf": 1710396420.9745939, "sui": 1713515822.266458, "india": 1713515819.0210862, "vietnam": 1713515820.6879954, "etf": 1713515823.1590261, "wemix": 1713515824.4066525}