{"crypto": 1708679145.798764, "tech": 1708679147.5308456, "blockchain": 1708679148.5731015, "wemade": 1708679149.422207, "stock": 1708679150.5070753}