{"crypto": 1713878263.2318954, "tech": 1713878264.392109, "blockchain": 1713878265.63801, "wemade": 1713878266.6851008, "stock": 1713878268.0076256, "delta": 1713878269.2274714, "coupang": 1713878270.2792873, "google": 1713878271.6955683, "indiaetf": 1710396420.2326155, "vietnametf": 1710396420.9745939, "sui": 1713878275.5126445, "india": 1713878273.1220684, "vietnam": 1713878274.5426354, "etf": 1713878276.7023294, "wemix": 1713878277.7437847}