{"crypto": 1717400853.5375123, "tech": 1717400854.4205294, "blockchain": 1717400855.418693, "wemade": 1717400855.9933302, "stock": 1717400856.8939297, "delta": 1717400857.8160634, "coupang": 1717400858.8211927, "google": 1717400859.525071, "indiaetf": 1710396420.2326155, "vietnametf": 1710396420.9745939, "sui": 1717400863.9939725, "india": 1717400862.4377062, "vietnam": 1717400863.238184, "etf": 1717400864.74453, "wemix": 1717400865.4031959}