{"crypto": 1713763453.8415213, "tech": 1713763454.734351, "blockchain": 1713763455.5933325, "wemade": 1713763456.131166, "stock": 1713763457.0180635, "delta": 1713763457.982338, "coupang": 1713763458.869557, "google": 1713763459.6953323, "indiaetf": 1710396420.2326155, "vietnametf": 1710396420.9745939, "sui": 1713763462.135187, "india": 1713763460.461447, "vietnam": 1713763461.2114282, "etf": 1713763463.0262315, "wemix": 1713763463.6846538}