{"crypto": 1714728027.0042202, "tech": 1714728028.2218113, "blockchain": 1714728029.187133, "wemade": 1714728029.768327, "stock": 1714728030.8742695, "delta": 1714728031.7105856, "coupang": 1714728032.5908468, "google": 1714728033.4604287, "indiaetf": 1710396420.2326155, "vietnametf": 1710396420.9745939, "sui": 1714728036.1808922, "india": 1714728034.3703094, "vietnam": 1714728035.292104, "etf": 1714728036.869431, "wemix": 1714728037.5641418}