{"crypto": 1717393102.087755, "tech": 1717393102.912362, "blockchain": 1717393103.936398, "wemade": 1717393104.5159748, "stock": 1717393105.4592133, "delta": 1717393107.7374618, "coupang": 1717393108.7280104, "google": 1717393109.6717262, "indiaetf": 1710396420.2326155, "vietnametf": 1710396420.9745939, "sui": 1717393112.6312778, "india": 1717393110.6478684, "vietnam": 1717393111.6565728, "etf": 1717393113.4433675, "wemix": 1717393114.2010143}