{"crypto": 1714027385.106693, "tech": 1714027386.3466504, "blockchain": 1714027387.5105534, "wemade": 1714027388.4489434, "stock": 1714027389.5486155, "delta": 1714027390.5847714, "coupang": 1714027392.4744408, "google": 1714027393.5563552, "indiaetf": 1710396420.2326155, "vietnametf": 1710396420.9745939, "sui": 1714027396.379578, "india": 1714027394.5718453, "vietnam": 1714027395.4631343, "etf": 1714027397.7416325, "wemix": 1714019247.5548706}