{"crypto": 1715325583.236459, "tech": 1715325584.3739507, "blockchain": 1715325586.739045, "wemade": 1715325587.5605435, "stock": 1715325588.4361022, "delta": 1715325589.3601856, "coupang": 1715325590.2592087, "google": 1715318467.379831, "indiaetf": 1710396420.2326155, "vietnametf": 1710396420.9745939, "sui": 1715318470.8393605, "india": 1715318468.3453624, "vietnam": 1715318469.6281562, "etf": 1715318471.7199569, "wemix": 1715318472.4344275}