{"crypto": 1717404861.8237193, "tech": 1717404862.7957435, "blockchain": 1717404863.6657455, "wemade": 1717404864.2230203, "stock": 1717404865.1342587, "delta": 1717404866.0282319, "coupang": 1717404866.9315515, "google": 1717404867.8598146, "indiaetf": 1710396420.2326155, "vietnametf": 1710396420.9745939, "sui": 1717404871.7630262, "india": 1717404869.356976, "vietnam": 1717404870.3609495, "etf": 1717404872.6448002, "wemix": 1717404873.3899481}