{"crypto": 1710407711.6706402, "tech": 1710407713.66837, "blockchain": 1710407714.6601346, "wemade": 1710407716.287575, "stock": 1710407717.696522, "delta": 1710407719.291033, "coupang": 1710407720.028833, "google": 1710407721.1681564, "indiaetf": 1710396420.2326155, "vietnametf": 1710396420.9745939, "sui": 1710407724.311351, "india": 1710407722.3764293, "vietnam": 1710407723.5712337, "etf": 1710407725.1723475, "wemix": 1710407725.822404}