{"crypto": 1710402822.4100416, "tech": 1710402820.5594544, "blockchain": 1710402821.6305985, "wemade": 1710402823.1780834, "stock": 1710402823.8842335, "delta": 1710402828.6569612, "coupang": 1710402829.9761684, "google": 1710402830.7721696, "indiaetf": 1710396420.2326155, "vietnametf": 1710396420.9745939, "sui": 1710402834.0960605, "india": 1710402831.8792913, "vietnam": 1710402832.9563994, "etf": 1710402835.1422644, "wemix": 1710402836.0756295}