{"crypto": 1713770949.1901412, "tech": 1713770950.246496, "blockchain": 1713770951.1540117, "wemade": 1713770952.0188186, "stock": 1713770953.0565066, "delta": 1713770953.9432976, "coupang": 1713770954.8401654, "google": 1713770955.7660344, "indiaetf": 1710396420.2326155, "vietnametf": 1710396420.9745939, "sui": 1713770961.008397, "india": 1713770956.832646, "vietnam": 1713770957.9812047, "etf": 1713770962.0592098, "wemix": 1713770962.6954186}