{"crypto": 1713343330.6732156, "tech": 1713343331.807754, "blockchain": 1713343332.8293726, "wemade": 1713343333.7551556, "stock": 1713343334.8783956, "delta": 1713343335.795138, "coupang": 1713343336.973205, "google": 1713343338.9879186, "indiaetf": 1710396420.2326155, "vietnametf": 1710396420.9745939, "sui": 1713343342.039726, "india": 1713343340.024279, "vietnam": 1713343340.9846058, "etf": 1713343343.1441665, "wemix": 1713343344.6058195}