{"crypto": 1713946602.304197, "tech": 1713946603.3876865, "blockchain": 1713946604.641283, "wemade": 1713946605.413932, "stock": 1713946606.4038446, "delta": 1713946607.299353, "coupang": 1713946608.1544673, "google": 1713946609.120663, "indiaetf": 1710396420.2326155, "vietnametf": 1710396420.9745939, "sui": 1713946612.0438023, "india": 1713946610.2964206, "vietnam": 1713946611.1864128, "etf": 1713946612.906062, "wemix": 1713946613.47441}