{"crypto": 1708588695.562834, "tech": 1708588696.0589614, "blockchain": 1708588696.5489569, "wemade": 1708588697.0427673, "stock": 1708588697.57018}