{"crypto": 1708335256.7012458, "tech": 1708335257.2412722, "blockchain": 1708335258.100565, "wemade": 1708335259.066107, "stock": 1708335259.7601233}