{"crypto": 1708075356.0508716, "tech": 1708075357.086219, "blockchain": 1708075357.9505968, "wemade": 1708075358.565727, "stock": 1708075359.4905198}