{"crypto": 1714037342.9204905, "tech": 1714037343.8018763, "blockchain": 1714037344.4164011, "wemade": 1714037353.991916, "stock": 1714037345.500136, "delta": 1714037346.0168502, "coupang": 1714037346.5477896, "google": 1714037347.155936, "india": 1714037348.429229, "vietnam": 1714037349.567342, "sui": 1714037350.998282, "etf": 1714037352.1416914, "wemix": 1714037353.3100076}