{"crypto": 1721548815.0807767, "tech": 1721548815.6054792, "blockchain": 1721548816.3775227, "wemade": 1721548822.0388892, "stock": 1721548817.3992682, "delta": 1721548817.9542093, "coupang": 1721548818.5507085, "google": 1721548819.172556, "india": 1721548819.6270826, "vietnam": 1721548820.0984828, "sui": 1721548820.5548007, "etf": 1721548820.9690406, "wemix": 1721548821.557148}