{"crypto": 1708593199.3732238, "tech": 1708593200.824112, "blockchain": 1708593201.2828772, "wemade": 1708593201.8602064, "stock": 1708593202.3431323}