{"crypto": 1716886753.2075834, "tech": 1716886753.698565, "blockchain": 1716886754.2354567, "wemade": 1716886760.2839134, "stock": 1716886755.26479, "delta": 1716886756.1530867, "coupang": 1716886756.6222656, "google": 1716886757.1417105, "india": 1716886757.6544542, "vietnam": 1716886758.162823, "sui": 1716886758.6908011, "etf": 1716886759.2218654, "wemix": 1716886759.7736235}