{"google": 1715328179.7618532, "india": 1715328180.276899, "vietnam": 1715328181.303781, "sui": 1715328181.8252962, "etf": 1715328182.3673203, "wemix": 1715328183.1080568}