{"crypto": 1717148500.3673239, "tech": 1717148500.880194, "blockchain": 1717148501.3816972, "wemade": 1717148507.050212, "stock": 1717148502.398319, "delta": 1717148502.946763, "coupang": 1717148503.442419, "google": 1717148503.9603503, "india": 1717148504.4820483, "vietnam": 1717148505.004365, "sui": 1717148505.5197868, "etf": 1717148506.03744, "wemix": 1717148506.5509765}