{"crypto": 1708070009.4904253, "tech": 1708070010.196597, "blockchain": 1708070010.6925993, "wemade": 1708070011.2008867, "stock": 1708070011.7392702}