{"crypto": 1715616670.5228653, "tech": 1715616671.101415, "blockchain": 1715616671.6645043, "wemade": 1715616679.4936862, "stock": 1715616673.006423, "delta": 1715616673.6761127, "coupang": 1715616674.278983, "google": 1715616674.803645, "india": 1715616675.8647175, "vietnam": 1715616676.3905375, "sui": 1715616676.9446034, "etf": 1715616677.4485433, "wemix": 1715616678.994964}